{
    "storage_type": "tabular",
    "dataset_name": "Arrivals by Carrier",
    "column_count": 2,
    "row_count": 20,
    "node_count": null,
    "edges_count": null,
    "resource": "https://www.sltda.gov.lk/storage/common_media/Year_In_Review_2024_Final_2024_Jan-Dec1.pdf",
    "resource_page": "27",
    "resource_section": "Contribution of Airlines on tourist arrivals to Sri Lanka",
    "resource_identifier": "Contribution of Airlines on tourist arrivals to Sri Lanka",
    "extracted_date": "2025-12-16",
    "extracted_by": "",
    "verified_by": "",
    "remarks": "This is the number of tourist arrivals in Sri Lanka by carrier in 2024"
}