{
  "storage_type": "tabular", 
  "dataset_name": "Monthly foreign exchange earnings",
  "column_count": 2,
  "row_count": 12,
  "node_count": null,
  "edges_count": null,
  "resource": "https://www.slbfe.lk/wp-content/uploads/2024/10/sodapdf-converted-18_compressed.pdf",
  "resource_page": "49",
  "resource_section": "Monthly Foreign Exchange Earnings (2019-2023)",
  "resource_identifier": "Table 44",
  "extracted_date": "2025-09-05",
  "extracted_by": "",
  "verified_by": "",
  "remarks": "This is the monthly foreign exchange earnings in 2023"

}