{
  "storage_type": "tabular",
  "dataset_name": "SLBFE Registration by Manpower Level & Gender",
  "column_count": 13,
  "row_count": 1,
  "node_count": null,
  "edges_count": null,
  "resource": "https://www.slbfe.lk/wp-content/uploads/2023/09/Statistics-2020.pdf",
  "resource_page": "6,7",
  "resource_section": "Registration of Male Migrant Employees with the SLBFE - by Manpower Level 2014-2020* AND Female Registration with the SLBFE by Manpower Level 2014-2020*",
  "resource_identifier": "Table 5, Table 6",
  "extracted_date": "2026-01-13",
  "extracted_by": "Lanka Data Foundation",
  "verified_by": "Lanka Data Foundation",
  "remarks": "This is the SLBFE registration by manpower level vs gender in 2020 - two tables were merged from the original source"
}