{
  "storage_type": "tabular",
  "dataset_name": "SLBFE Registration by Age",
  "column_count": 3,
  "row_count": 8,
  "node_count": null,
  "edges_count": null,
  "resource": "https://www.slbfe.lk/wp-content/uploads/2024/10/sodapdf-converted-18_compressed.pdf",
  "resource_page": "14",
  "resource_section": "Total Registration with the SLBFE by age 2019-2023",
  "resource_identifier": "Table 08",
  "extracted_date": "2025-09-17",
  "extracted_by": "Lanka Data Foundation",
  "verified_by": "Lanka Data Foundation",
  "remarks": "This is the number of SLBFE registrations by age in 2023"
}