{
  "storage_type": "tabular",
  "dataset_name": "Inflow of workers' Remittances by country (US$ Million)",
  "column_count": 6,
  "row_count": 32,
  "node_count": null,
  "edges_count": null,
  "resource": "https://www.slbfe.lk/wp-content/uploads/2024/10/sodapdf-converted-18_compressed.pdf",
  "resource_page": "50",
  "resource_section": "Inflow of workers’ Remittances by country (US$ Million) in 2023*",
  "resource_identifier": "Table 46",
  "extracted_date": "2025-09-17",
  "extracted_by": "Lanka Data Foundation",
  "verified_by": "Lanka Data Foundation",
  "remarks": "This is the inflow of workers’ remittances by country in 2023"
}