{
  "storage_type": "tabular",
  "dataset_name": "Arrivals by Month vs Country",
  "column_count": 13,
  "row_count": 195,
  "node_count": null,
  "edges_count": null,
  "resource": "https://www.sltda.gov.lk/storage/common_media/All-Countries-2024-Jan-Dec.pdf",
  "resource_page": "1",
  "resource_section": "Number of Tourist Arrivals – Jan ~ Dec 2024 (All Countries)",
  "resource_identifier": "",
  "extracted_date": "2025-12-17",
  "extracted_by": "Lanka Data Foundation",
  "verified_by": "Lanka Data Foundation",
  "remarks": "This is the tourist arrivals by month vs country in Sri Lanka in 2024"
}