{
  "storage_type": "tabular",
  "dataset_name": "Arrivals by Month",
  "column_count": 2,
  "row_count": 12,
  "node_count": null,
  "edges_count": null,
  "resource": "https://www.sltda.gov.lk/storage/common_media/Annual_Statistical_Report_2023.pdf",
  "resource_page": "83",
  "resource_section": "Tourist Arrivals by Month 1971 to 2023",
  "resource_identifier": "Table 15",
  "extracted_date": "2025-08-28",
  "extracted_by": "Lanka Data Foundation",
  "verified_by": "Lanka Data Foundation",
  "remarks": "This is the number of tourist arrivals in Sri Lanka by month in 2023"
}