{
  "storage_type": "tabular", 
  "dataset_name": "Location vs Revenue vs Visitor Count -2023",
  "column_count": 6,
  "row_count": 76,
  "node_count": null,
  "edges_count": null,
  "resource": "https://www.sltda.gov.lk/storage/common_media/Annual_Statistical_Report_2023.pdf",
  "resource_page": "87 - 97",
  "resource_section": "Details of Museums -2023 -> Public Sector Revenue from Tourism (Rs. Mn) – 2016 - 2023",
  "resource_identifier": "Table 17 ->  Table - 23",
  "extracted_date": "2025-09-07",
  "extracted_by": "Lanka Data Foundation",
  "verified_by": "",
  "remarks": "Dataset contains visitor statistics and revenue data by location type and place for 2023, showing visitor counts and income for both foreign and local visitors. Columns: Type, Place, Foreign Number, Foreign Income, Local Number, and Local Income. Data includes 76 locations across 6 categories: Museums, Cultural Triangle sites, Zoological Gardens, Botanical Gardens, Wildlife Parks, and Conservation Forests. Notable locations include Sigiriya Museum and Sigiriya Rock (272,475 foreign visitors, 2.37B revenue), Peradeniya Botanical Garden (211,677 foreign visitors, 528.3M revenue), and Yala Wildlife Park (38,050,064 foreign visitors, 466.4M revenue)."
}