{
  "storage_type": "tabular",
  "dataset_name": "Refugees by Nationality",
  "column_count": 2,
  "row_count": 10,
  "node_count": null,
  "edges_count": null,
  "resource": "https://www.immigration.gov.lk/content/files/reports/2024_performance_report_e.pdf",
  "resource_page": "59",
  "resource_section": "No. of Refugees in Sri Lanka as at 31.12.2025",
  "resource_identifier": "2.1.4.11",
  "extracted_date": "2025-12-17",
  "extracted_by": "Lanka Data Foundation",
  "verified_by": "Lanka Data Foundation",
  "remarks": "Dataset contains refugee statistics by nationality for 2024, showing the number of refugees from each country. Columns: Nationality and Refugees. Data includes 10 nationalities with Burmese nationals having the highest number of refugees (112), followed by Pakistani (98), Afghan (27), Palestinian (4), Sudanese (4), and others. The dataset provides insights into refugee populations in Sri Lanka and their countries of origin."
}