{
  "storage_type": "tabular",
  "dataset_name": "Tourist Arrivals by Carrier",
  "column_count": 2,
  "row_count": 30,
  "node_count": null,
  "edges_count": null,
  "resource": "https://www.sltda.gov.lk/storage/common_media/Annual%20Stastistical%20Report%202021%20-Final%2025.4.20223624932970.pdf",
  "resource_page": "63",
  "resource_section": "Tourist Arrivals by Country of Residence and Carrier -2020",
  "resource_identifier": "Table 08",
  "extracted_date": "2025-09-04",
  "extracted_by": "Lanka Data Foundation",
  "verified_by": "Lanka Data Foundation",
  "remarks": "Dataset contains tourist arrival statistics by airline carrier for 2020, showing the number of passengers for each airline. Columns: Airline and Number of Passengers. Data includes 30 airlines with Sri Lankan Airlines having the highest number of passengers (148,251), followed by Emirates (62,845) and Qatar Airways (59,882)."
}