{
  "storage_type": "tabular",
  "dataset_name": "Tourist Arrivals by Carrier",
  "column_count": 2,
  "row_count": 20,
  "node_count": null,
  "edges_count": null,
  "resource": "https://www.sltda.gov.lk/storage/common_media/Annual_Statistical_Report_2023.pdf",
  "resource_page": "31",
  "resource_section": "Distribution by Air Line",
  "resource_identifier": "Table V",
  "extracted_date": "2025-09-07",
  "extracted_by": "Lanka Data Foundation",
  "verified_by": "Lanka Data Foundation",
  "remarks": "This is the number of tourist arrivals in Sri Lanka by carrier in 2023"
}