{
    "storage_type": "tabular",
    "dataset_name": "Accommodations by District",
    "column_count": 2,
    "row_count": 25,
    "node_count": null,
    "edges_count": null,
    "resource": "https://www.sltda.gov.lk/storage/common_media/Year_In_Review_2024_Final_2024_Jan-Dec1.pdf",
    "resource_page": "20",
    "resource_section": "Total rooms by district",
    "resource_identifier": "Table 9",
    "extracted_date": "2025-12-16",
    "extracted_by": "",
    "verified_by": "",
    "remarks": "This is the number of accommodations available in each district of Sri Lanka in 2024"
}