{
  "storage_type": "tabular",
  "dataset_name": "Migrant Employee's Registration by Gender",
  "column_count": 2,
  "row_count": 1,
  "node_count": null,
  "edges_count": null,
  "resource": "https://www.slbfe.lk/statistical_handbook_yers/2024/",
  "resource_page": "5",
  "resource_section": "Migrant Employee’s Registration with the SLBFE by Gender 1986-2024",
  "resource_identifier": "Table 1.1",
  "extracted_date": "2025-12-17",
  "extracted_by": "Lanka Data Foundation",
  "verified_by": "Lanka Data Foundation",
  "remarks": "Dataset contains SLBFE (Sri Lanka Bureau of Foreign Employment) registration statistics by gender for 2024, showing the distribution of registered workers by gender. Columns: Year, Male, Male %, Female, Female %, and Total. Data shows that in 2024, there were 186,674 male registrations (59.30%) and 128,112 female registrations (40.70%), totaling 314,786 workers. This indicates a male majority in foreign employment registrations, though the gender gap has narrowed compared to previous years."
}