{
  "storage_type": "tabular", 
  "dataset_name": "Annual Tourism Receipts",
  "column_count": 3,
  "row_count": 1,
  "node_count": null,
  "edges_count": null,
  "resource": "https://www.sltda.gov.lk/storage/common_media/Annual%20Stastistical%20Report%202021%20-Final%2025.4.20223624932970.pdf",
  "resource_page": "7",
  "resource_section": "Highlight of the year - 2020",
  "resource_identifier": "Foreign exchange earnings",
  "extracted_date": "2025-09-07",
  "extracted_by": "Lanka Data Foundation",
  "verified_by": "",
  "remarks": "Dataset contains annual tourism receipts for 2020. Columns: Year, Value in Rupees(Mn), and Value in USD(Mn). Data shows tourism receipts of 126,608.1 million rupees (682.5 million USD) for the year 2020."
}
