{
  "storage_type": "tabular",
  "dataset_name": "Tourist Arrivals by Age",
  "column_count": 2,
  "row_count": 7,
  "node_count": null,
  "edges_count": null,
  "resource": "https://www.sltda.gov.lk/storage/common_media/YearinReview-2023Final-updatedReport.pdf",
  "resource_page": "7",
  "resource_section": "Tourist arrivals by age category, 2023",
  "resource_identifier": "Table 02",
  "extracted_date": "2025-12-17",
  "extracted_by": "Lanka Data Foundation",
  "verified_by": "Lanka Data Foundation",
  "remarks": "This is the distribution of tourist arrivals in Sri Lanka by age group in 2023"
}