{
  "storage_type": "tabular",
  "dataset_name": "SLBFE Registration by District, Manpower Level & Gender",
  "column_count": 15,
  "row_count": 26,
  "node_count": null,
  "edges_count": null,
  "resource": "https://www.slbfe.lk/wp-content/uploads/2024/10/sodapdf-converted-18_compressed.pdf",
  "resource_page": "27",
  "resource_section": "Registration of Migrant Employees with the SLBFE by district, Manpower level and Gender 2023*",
  "resource_identifier": "Table 15",
  "extracted_date": "2025-09-17",
  "extracted_by": "Lanka Data Foundation",
  "verified_by": "Lanka Data Foundation",
  "remarks": "This is the number of SLBFE registrations by district, manpower level and gender in 2023"
}