{
  "storage_type": "tabular", 
  "dataset_name": "Number of complaints received",
  "column_count": 2,
  "row_count": 1,
  "node_count": null,
  "edges_count": null,
  "resource": "https://www.slbfe.lk/wp-content/uploads/2024/10/sodapdf-converted-18_compressed.pdf",
  "resource_page": "89",
  "resource_section": "Number of complaints received by migrant employees’ year of registration in 2023",
  "resource_identifier": "Table 53",
  "extracted_date": "2025-09-05",
  "extracted_by": "",
  "verified_by": "",
  "remarks": "This is the number of complaints received in 2023"
}