{
  "storage_type": "tabular",
  "dataset_name": "SLBFE Registration by District, Manpower Level & Gender",
  "column_count": 14,
  "row_count": 25,
  "node_count": null,
  "edges_count": null,
  "resource": "https://www.slbfe.lk/wp-content/uploads/2023/09/Statistics-2020.pdf",
  "resource_page": "32",
  "resource_section": "Registration of Migrant Employees with the SLBFE by district, Manpower level and Gender-2020*",
  "resource_identifier": "Table 30",
  "extracted_date": "2025-09-18",
  "extracted_by": "Lanka Data Foundation",
  "verified_by": "Lanka Data Foundation",
  "remarks": ""
}