{
  "storage_type": "tabular",
  "dataset_name": "Tourist Arrivals by Country",
  "column_count": 2,
  "row_count": 188,
  "node_count": null,
  "edges_count": null,
  "resource": "https://www.sltda.gov.lk/storage/common_media/Annual%20Stastistical%20Report%202021%20-Final%2025.4.20223624932970.pdf",
  "resource_page": "47",
  "resource_section": "Tourists arrivals by country of residence and month (All Countries) 2020",
  "resource_identifier": "Table 4",
  "extracted_date": "2025-09-04",
  "extracted_by": "Lanka Data Foundation",
  "verified_by": "Lanka Data Foundation",
  "remarks": "Dataset contains tourist arrival statistics by country of residence for 2020, showing the total number of arrivals from each country. Columns: Country of Residence and Arrivals. Data includes 188 countries with India having the highest arrivals (89,357), followed by United Kingdom (55,455) and Russian Federation (49,397)."
}