{
  "storage_type": "tabular",
  "dataset_name": "Tourist Arrivals by Sex",
  "column_count": 2,
  "row_count": 2,
  "node_count": null,
  "edges_count": null,
  "resource": "https://www.sltda.gov.lk/storage/common_media/YearinReview-2023Final-updatedReport.pdf",
  "resource_page": "7",
  "resource_section": "Tourist arrivals by gender, 2023",
  "resource_identifier": "Chart 02",
  "extracted_date": "2025-12-17",
  "extracted_by": "Lanka Data Foundation",
  "verified_by": "Lanka Data Foundation",
  "remarks": "This is the distribution of tourist arrivals by gender in Sri Lanka in 2023"
}