{
  "storage_type": "tabular",
  "dataset_name": "refugees_by_nationality",
  "column_count": 2,
  "row_count": 12,
  "node_count": null,
  "edges_count": null,
  "resources": "https://www.immigration.gov.lk/content/files/reports/perfomance_report_2020_e.pdf",
  "resource_page": "57",
  "resource_section": "No. of Refugees in Sri Lanka under the supervision of Unit for Refugees – As at 31.12.2020",
  "resource_identifier": "6)",
  "extracted_date": "2025-09-15",
  "extracted_by": "",
  "verified_by": "",
  "remarks": "This is the refugees by nationality in 2020"
}