{
  "storage_type": "tabular",
  "dataset_name": "deportations_by_nationality",
  "column_count": 2,
  "row_count": 24,
  "node_count": null,
  "edges_count": null,
  "resource": "https://www.immigration.gov.lk/content/files/reports/perfomance_report_2020_e.pdf",
  "resource_page": "54",
  "resource_section": "Foreigners deported from the Country (Based on Nationality) (Since 01.01.2020 to 31.12.2020)",
  "resource_identifier": "(2)",
  "extracted_date": "2025-09-15",
  "extracted_by": "Lanka Data Foundation",
  "verified_by": "Lanka Data Foundation",
  "remarks": "This is the deportations by nationality in 2020"
}