{
  "storage_type": "tabular",
  "dataset_name": "Staff of Missions",
  "column_count": 4,
  "row_count": 5,
  "node_count": null,
  "edges_count": null,
  "resource": "https://mfa.gov.lk/en/wp-content/uploads/2023/06/APR-2020_-Trilingual-Book.pdf",
  "resource_page": "741",
  "resource_section": "06.1 Cadre Management",
  "resource_identifier": "Staff of Missions",
  "extracted_date": "2025-01-19",
  "extracted_by": "Lanka Data Foundation",
  "verified_by": "Lanka Data Foundation",
  "remarks": ""
}