{
  "storage_type": "tabular",
  "dataset_name": "Accommodations by District",
  "column_count": 2,
  "row_count": 25,
  "node_count": null,
  "edges_count": null,
  "resource": "https://www.sltda.gov.lk/storage/common_media/Annual%20Stastistical%20Report%202021%20-Final%2025.4.20223624932970.pdf",
  "resource_page": "31",
  "resource_section": "Distribution of accommodation capacity by districts -2020",
  "resource_identifier": "Chart 17. II",
  "extracted_date": "2025-09-04",
  "extracted_by": "Lanka Data Foundation",
  "verified_by": "Lanka Data Foundation",
  "remarks": "Dataset contains accommodation statistics by district for 2020, showing the number of tourists in each of the 25 districts of Sri Lanka. Columns: District and Number of Tourists. Data ranges from Colombo (8,396 tourists) to Mannar (37 tourists)."
}