{
  "storage_type": "tabular",
  "dataset_name": "Tourist Arrivals by Age",
  "column_count": 2,
  "row_count": 6,
  "node_count": null,
  "edges_count": null,
  "resource": "https://www.sltda.gov.lk/storage/common_media/Year_In_Review_2024_Final_2024_Jan-Dec1.pdf",
  "resource_page": "11",
  "resource_section": "Tourist arrivals by age category",
  "resource_identifier": "Table 4",
  "extracted_date": "2025-12-16",
  "extracted_by": "Lanka Data Foundation",
  "verified_by": "Lanka Data Foundation",
  "remarks": "This is the distribution of tourist arrivals in Sri Lanka by age group in 2024"
}