{
  "storage_type": "tabular",
  "dataset_name": "asylum_seekers_by_nationality",
  "column_count": 2,
  "row_count": 11,
  "node_count": null,
  "edges_count": null,
  "resource": "https://www.immigration.gov.lk/content/files/reports/perfomance_report_2020_e.pdf",
  "resource_page": "56",
  "resource_section": "No. of Asylum Seekers – As at 31.12.2020",
  "resource_identifier": "5)",
  "extracted_date": "2025-09-15",
  "extracted_by": "Lanka Data Foundation",
  "verified_by": "Lanka Data Foundation",
  "remarks": "This is the asylum seekers by nationality in 2020"
}