{
  "storage_type": "tabular",
  "dataset_name": "Accommodations by Province",
  "column_count": 2,
  "row_count": 9,
  "node_count": null,
  "edges_count": null,
  "resource": "https://www.sltda.gov.lk/storage/common_media/Annual_Statistical_Report_2023.pdf",
  "resource_page": "37",
  "resource_section": "Distribution of Rooms by Provinces",
  "resource_identifier": "Table VIII",
  "extracted_date": "2025-08-28",
  "extracted_by": "Lanka Data Foundation",
  "verified_by": "Lanka Data Foundation",
  "remarks": "This is the number of accommodations available in each province of Sri Lanka in 2023"
}