{
  "storage_type": "tabular",
  "dataset_name": "Tourist Arrivals by Month",
  "column_count": 2,
  "row_count": 12,
  "node_count": null,
  "edges_count": null,
  "resource": "https://www.sltda.gov.lk/storage/common_media/Annual%20Stastistical%20Report%202021%20-Final%2025.4.20223624932970.pdf",
  "resource_page": "47",
  "resource_section": "Tourists arrivals by country of residence and month (All Countries) 2020",
  "resource_identifier": "Table 4",
  "extracted_date": "2025-09-04",
  "extracted_by": "Lanka Data Foundation",
  "verified_by": "Lanka Data Foundation",
  "remarks": "Dataset contains tourist arrival statistics by month for 2020, showing the total number of arrivals for each month. Columns: Month and Arrivals. Data shows arrivals primarily in the first three months (January: 228,434; February: 207,507; March: 71,370), with zero arrivals from April to November, and minimal arrivals in December (393), reflecting the impact of COVID-19 travel restrictions."
}