{
  "storage_type": "tabular",
  "dataset_name": "SLBFE registration by gender",
  "column_count": 6,
  "row_count": 1,
  "node_count": null,
  "edges_count": null,
  "resource": "https://www.slbfe.lk/wp-content/uploads/2024/10/sodapdf-converted-18_compressed.pdf",
  "resource_page": "7",
  "resource_section": "Registration with the SLBFE by Gender 2019-2023*",
  "resource_identifier": "Table 1",
  "extracted_date": "2025-09-05",
  "extracted_by": "Lanka Data Foundation",
  "verified_by": "Lanka Data Foundation",
  "remarks": ""
}