{
  "storage_type": "tabular", 
  "dataset_name": "Workers Remittances",
  "column_count": 6,
  "row_count": 1,
  "node_count": null,
  "edges_count": null,
  "resource": "https://www.slbfe.lk/wp-content/uploads/2024/10/sodapdf-converted-18_compressed.pdf",
  "resource_page": "49",
  "resource_section": "Workers’ Remittances 2010-2023",
  "resource_identifier": "Table 43",
  "extracted_date": "2025-09-05",
  "extracted_by": "",
  "verified_by": "",
  "remarks": "This is the workers remittances in 2020"
}