{
  "storage_type": "tabular",
  "dataset_name": "SLBFE Registration by Manpower Level - 2023",
  "column_count": 16,
  "row_count": 1,
  "node_count": null,
  "edges_count": null,
  "resource": "https://www.slbfe.lk/wp-content/uploads/2024/10/sodapdf-converted-18_compressed.pdf",
  "resource_page": "8",
  "resource_section": "Total Registration with the SLBFE by Manpower Level 2022-2023",
  "resource_identifier": "Table 3",
  "extracted_date": "2025-09-17",
  "extracted_by": "",
  "verified_by": "",
  "remarks": "This is the number of SLBFE registrations by manpower level in 2023"
}