{
  "storage_type": "tabular",
  "dataset_name": "Arrivals by Purpose",
  "column_count": 2,
  "row_count": 10,
  "node_count": null,
  "edges_count": null,
  "resource": "https://www.sltda.gov.lk/storage/common_media/Annual_Statistical_Report_2023.pdf",
  "resource_page": "26",
  "resource_section": "Distribution of tourists by Purpose of Visit (Percentage) 2023",
  "resource_identifier": "Chart 10",
  "extracted_date": "2025-09-07",
  "extracted_by": "",
  "verified_by": "",
  "remarks": "This is the distribution of tourist arrivals in Sri Lanka by purpose of visit in 2023"
}