{
  "storage_type": "tabular",
  "dataset_name": "Annual Tourism Receipts",
  "column_count": 2,
  "row_count": 1,
  "node_count": null,
  "edges_count": null,
  "resource": "https://www.sltda.gov.lk/storage/common_media/Tourism-Growth-Trends-1985-2023.pdf",
  "resource_page": "1",
  "resource_section": "Tourism Growth Trends - 1985 to 2023",
  "resource_identifier": "Official Tourist Receipts column",
  "extracted_date": "2025-09-27",
  "extracted_by": "Lanka Data Foundation",
  "verified_by": "Lanka Data Foundation",
  "remarks": "This is the annual tourism receipts in Sri Lanka for the year 2023 in Rupees(Mn) and USD(Mn)"
}