{
  "storage_type": "tabular",
  "dataset_name": "Monthly foreign exchange earnings",
  "column_count": 2,
  "row_count": 12,
  "node_count": null,
  "edges_count": null,
  "resource": "https://www.slbfe.lk/wp-content/uploads/2023/06/SLBFE-Annual-Report-2022-English_compressed-3.pdf",
  "resource_page": "",
  "resource_section": "",
  "resource_identifier": "",
  "extracted_date": "2025-09-01",
  "extracted_by": "Lanka Data Foundation",
  "verified_by": "Lanka Data Foundation",
  "remarks": ""
}