{
  "storage_type": "tabular",
  "dataset_name": "Accommodations by District",
  "column_count": 2,
  "row_count": 25,
  "node_count": null,
  "edges_count": null,
  "resource": "https://www.sltda.gov.lk/storage/common_media/Annual_Statistical_Report_2023.pdf",
  "resource_page": "38",
  "resource_section": "Distribution of rooms by districts",
  "resource_identifier": "Table IX",
  "extracted_date": "2025-08-28",
  "extracted_by": "",
  "verified_by": "",
  "remarks": "This is the number of accommodations available in each district of Sri Lanka in 2023"
}